Название видеокарты,Видеопамять,Тип видеопамяти,Эффективная частота памяти,Пропускная способность памяти,Ширина шины памяти,Поддержка DirectX,Поддержка SLI/CrossFire,Разъёмы питания,Охлаждение,Количество вентиляторов,Длина видеокарты,Высота видеокарты,Базовая (референсная) частота графического процессора,Максимальная частота графического процессора,Количество потоковых процессоров,Количество RT-ядер,Рекомендуемый блок питания,Толщина системы охлаждения,Толщина видеокарты,Низкопрофильная (Low Profile),Функциональные особенности,Энергопотребление,Частота графического процессора,Частота памяти,Мощность блока питания,Turbo-частота графического процессора,Максимальное энергопотребление,Энергопортебление
Видеокарта Gigabyte GeForce RTX 3060 Gaming OC 12GB GDDR6 GV-N3060GAMING OC-12GD,12 ГБ,GDDR6,15 000 МГц,360 ГБ/с,192 бит,12 Ultimate,Нет,8 pin,активное,3,282 мм,117 мм,,,,,,,,,,,,,,,,
Видеокарта Gigabyte GeForce RTX 3050 OC Low Profile 6G GV-N3050OC-6GL,6 ГБ,GDDR6,14 000 МГц,168 ГБ/с,96 бит,12 Ultimate,,Нет,воздушное,2,181 мм,69 мм,1 040 МГц,1 477 МГц,2 304,18,300 Вт,2 слота,36 мм,Да,"поддержка DLSS, поддержка FSR",,,,,,,
Видеокарта AFOX GeForce GT 1030 2GB GDDR5 AF1030-2048D5L7,2 ГБ,GDDR5,6 000 МГц,,64 бит,12,Нет,Нет,воздушное,1,,,1 227 МГц,1 468 МГц,384,,,1 слот,,Да,,,,,,,,
Видеокарта Gigabyte GeForce RTX 4070 Ti Windforce OC 12G GV-N407TWF3OC-12GD,12 ГБ,GDDR6X,21 000 МГц,504.2 ГБ/с,192 бит,12 Ultimate,Нет,16 pin,воздушное,3,261 мм,126 мм,2 310 МГц,2 625 МГц,7 680,60,750 Вт,2.2 слота,50 мм,Нет,поддержка DLSS,,,,,,,
Видеокарта Gigabyte GeForce RTX 3060 Gaming OC 8G (rev. 2.0) GV-N3060GAMING OC-8GD 2.0,8 ГБ,GDDR6,15 000 МГц,240 ГБ/с,128 бит,12 Ultimate,,8 pin,воздушное,2,198 мм,121 мм,1 320 МГц,1 807 МГц,3 584,28,550 Вт,2 слота,39 мм,Нет,"поддержка DLSS, поддержка FSR",,,,,,,
Видеокарта Palit GeForce RTX 3050 StormX NE63050018P1-1070F,8 ГБ,GDDR6,14 000 МГц,224 ГБ/с,128 бит,12 Ultimate,Нет,6 pin,воздушное,1,162 мм,117 мм,1 550 МГц,1 777 МГц,2 560,20,550 Вт,2 слота,40 мм,Нет,"поддержка DLSS, поддержка FSR",115 Вт,,,,,,
Видеокарта Gigabyte GeForce RTX 4060 OC Low Profile 8GB GV-N4060OC-8GL,8 ГБ,GDDR6,17 000 МГц,272 ГБ/с,128 бит,12 Ultimate,,8 pin,воздушное,3,182 мм,69 мм,1 830 МГц,2 475 МГц,3 072,24,450 Вт,2 слота,40 мм,Да,поддержка DLSS,,,,,,,
Видеокарта Gigabyte GeForce RTX 3060 Windforce OC 12G GV-N3060WF2OC-12GD,12 ГБ,GDDR6,15 000 МГц,360 ГБ/с,192 бит,12 Ultimate,Нет,8 pin,воздушное,2,198 мм,121 мм,1 320 МГц,1 792 МГц,3 584,28,550 Вт,2 слота,39 мм,Нет,"поддержка DLSS, поддержка FSR",,,,,,,
Видеокарта ASUS Phoenix GeForce RTX 3050 8GB PH-RTX3050-8G,8 ГБ,GDDR6,14 000 МГц,224 ГБ/с,128 бит,12 Ultimate,Нет,8 pin,активное,1,177 мм,128 мм,1 550 МГц,1 807 МГц,2 560,,550 Вт,2.5 слота,,Нет,,,,,,,,
Видеокарта Palit GeForce RTX 4080 GamingPro NED4080019T2-1032A,16 ГБ,GDDR6X,22 400 МГц,716.8 ГБ/с,256 бит,12 Ultimate,Нет,16 pin,воздушное,3,328.9 мм,132.9 мм,2 210 МГц,2 505 МГц,9 728,76,850 Вт,3 слота,63.4 мм,Нет,поддержка DLSS,,,,,,,
Видеокарта Gigabyte GeForce RTX 4060 Ti Gaming OC 16G GV-N406TGAMING OC-16GD,16 ГБ,GDDR6,18 000 МГц,288 ГБ/с,128 бит,12 Ultimate,,8 pin,воздушное,3,281 мм,117 мм,2 310 МГц,2 595 МГц,4 352,34,500 Вт,2.3 слота,53 мм,Нет,поддержка DLSS,,,,,,,
Видеокарта Palit GeForce RTX 4070 Ti Super GamingPro OC 16GB NED47TSH19T2-1043A,16 ГБ,GDDR6X,22 400 МГц,716.8 ГБ/с,256 бит,12 Ultimate,,16 pin (PCIe Gen5),воздушное,3,,,2 340 МГц,,8 448,66,700 Вт,3.1 слота,,Нет,поддержка DLSS,320 Вт,,,,,,
Видеокарта Gigabyte GeForce RTX 3060 Windforce OC 12G GV-N3060WF2OC-12GD (rev. 2.0),12 ГБ,GDDR6,15 000 МГц,360 ГБ/с,192 бит,12 Ultimate,Нет,8 pin,воздушное,2,198 мм,121 мм,1 320 МГц,1 792 МГц,3 584,28,550 Вт,,39 мм,Нет,"поддержка DLSS, поддержка FSR",,,,,,,
Видеокарта Gigabyte GeForce RTX 4070 Ti Gaming OC V2 12G GV-N407TGAMING OCV2-12GD,12 ГБ,GDDR6X,21 000 МГц,504.2 ГБ/с,192 бит,12 Ultimate,,16 pin (PCIe Gen5),воздушное,3,300 мм,130 мм,2 310 МГц,2 640 МГц,7 680,60,750 Вт,3 слота,57.6 мм,Нет,поддержка DLSS,,,,,,,
Видеокарта Palit GeForce RTX 3050 StormX 6GB NE63050018JE-1070F,6 ГБ,GDDR6,14 000 МГц,168 ГБ/с,96 бит,12 Ultimate,,Нет,воздушное,2,162 мм,117 мм,1 040 МГц,1 470 МГц,2 304,18,300 Вт,2 слота,40 мм,Нет,"поддержка DLSS, поддержка FSR",70 Вт,,,,,,
Видеокарта Gigabyte GeForce RTX 4060 Ti Gaming OC 8G GV-N406TGAMING OC-8GD,8 ГБ,GDDR6,18 000 МГц,288 ГБ/с,128 бит,12 Ultimate,Нет,8 pin,воздушное,3,281 мм,117 мм,2 310 МГц,2 580 МГц,4 352,34,500 Вт,2 слота,53 мм,Нет,поддержка DLSS,160 Вт,,,,,,
Видеокарта ASUS Dual GeForce RTX 3060 OC Edition 8GB GDDR6 DUAL-RTX3060-O8G,8 ГБ,GDDR6,15 000 МГц,360 ГБ/с,128 бит,12 Ultimate,Нет,8 pin,воздушное,2,200 мм,123 мм,1 320 МГц,1 867 МГц (в режиме Boost),3 584,28,650 Вт,2 слота,38 мм,Нет,"поддержка DLSS, поддержка FSR",,,,,,,
Видеокарта Gigabyte GeForce RTX 4060 Eagle OC 8G GV-N4060EAGLE OC-8GD,8 ГБ,GDDR6,17 000 МГц,272 ГБ/с,128 бит,12 Ultimate,Нет,8 pin,воздушное,3,272 мм,115 мм,1 830 МГц,2 505 МГц,3 072,24,450 Вт,2 слота,40 мм,Нет,поддержка DLSS,,,,,,,
Видеокарта Palit GeForce RTX 4070 Ti Super GamingPro 16GB NED47TS019T2-1043A,16 ГБ,GDDR6X,22 400 МГц,716.8 ГБ/с,256 бит,12 Ultimate,,16 pin (PCIe Gen5),воздушное,3,,,2 340 МГц,2 610 МГц,8 448,66,700 Вт,3.1 слота,,Нет,поддержка DLSS,320 Вт,,,,,,
Видеокарта Gigabyte GeForce RTX 4060 Ti Eagle OC 8G GV-N406TEAGLE OC-8GD,8 ГБ,GDDR6,18 000 МГц,288 ГБ/с,128 бит,12 Ultimate,Нет,8 pin,воздушное,3,272 мм,115 мм,2 310 МГц,2 550 МГц,4 352,34,500 Вт,2 слота,41 мм,Нет,поддержка DLSS,160 Вт,,,,,,
Видеокарта Palit GeForce RTX 4070 Super Dual OC 12GB NED407SS19K9-1043D,12 ГБ,GDDR6X,21 000 МГц,504.2 ГБ/с,192 бит,12 Ultimate,,16 pin (PCIe Gen5),воздушное,2,,,1 980 МГц,,7 168,56,550 Вт,2 слота,,Нет,поддержка DLSS,225 Вт,,,,,,
Видеокарта Palit GeForce RTX 4060 Ti Dual OC 8GB GDDR6 NE6406TT19P1-1060D,8 ГБ,GDDR6,18 000 МГц,288 ГБ/с,128 бит,12 Ultimate,Нет,8 pin,воздушное,2,249.9 мм,123.5 мм,2 310 МГц,2 685 МГц,4 352,34,650 Вт,2 слота,40.1 мм,Нет,поддержка DLSS,160 Вт,,,,,,
Видеокарта Palit GeForce RTX 4060 StormX [NE64060019P1-1070F],8 ГБ,GDDR6,17 000 МГц,272 ГБ/с,128 бит,12 Ultimate,Нет,8 pin,воздушное,1,169.9 мм,123 мм,1 830 МГц,2 460 МГц,3 072,24,600 Вт,2 слота,38 мм,Нет,поддержка DLSS,115 Вт,,,,,,
Видеокарта Palit GeForce RTX 4070 Ti Super JetStream OC 16GB NED47TSS19T2-1043J,16 ГБ,GDDR6X,22 400 МГц,716.8 ГБ/с,256 бит,12 Ultimate,,,воздушное,3,,,2 340 МГц,,8 448,66,700 Вт,3.1 слота,,Нет,поддержка DLSS,320 Вт,,,,,,
Видеокарта Gigabyte GeForce RTX 4060 Gaming OC 8G GV-N4060GAMING OC-8GD,8 ГБ,GDDR6,17 000 МГц,272 ГБ/с,128 бит,12 Ultimate,Нет,8 pin,воздушное,3,281 мм,114 мм,1 830 МГц,2 550 МГц,3 072,24,450 Вт,2 слота,40 мм,Нет,поддержка DLSS,,,,,,,
Видеокарта Palit GeForce RTX 4060 Dual OC [NE64060T19P1-1070D],8 ГБ,GDDR6,17 000 МГц,272 ГБ/с,128 бит,12 Ultimate,Нет,8 pin,воздушное,2,249.9 мм,123.5 мм,1 830 МГц,2 670 МГц,3 072,24,600 Вт,2 слота,40.2 мм,Нет,поддержка DLSS,130 Вт,,,,,,
Видеокарта Palit GeForce RTX 4060 Dual NE64060019P1-1070D,8 ГБ,GDDR6,17 000 МГц,272 ГБ/с,128 бит,12 Ultimate,Нет,8 pin,воздушное,2,249.9 мм,123.5 мм,1 830 МГц,2 460 МГц,3 072,24,600 Вт,2 слота,40.2 мм,Нет,поддержка DLSS,115 Вт,,,,,,
Видеокарта Gigabyte GeForce GT 710 2GB GDDR5 GV-N710D5-2GIL,2 ГБ,GDDR5,,,64 бит,12,Нет,Нет,активное,1,145 мм,69 мм,,,192,,300 Вт,1 слот,,Да,,,954 МГц,1 252 МГц,,,,
Видеокарта MSI GeForce GT 710 2GB DDR3 [GT 710 2GD3H LP],2 Гб,DDR3,,,64 бит,12,Нет,Нет,,,146 мм,69 мм,,,192,,,,,Да,,,954 МГц,800 МГц,300 Вт,,,
Видеокарта MSI Radeon RX 550 Aero ITX OC 4GB GDDR5,4 Гб,GDDR5,,,128 бит,12,Нет,,активное,1,155 мм,112 мм,,,512,,,2 слота,,Нет,,,1 203 МГц,1 500 МГц,400 Вт,,,
Видеокарта ASUS Phoenix GeForce GTX 1650 OC edition 4GB GDDR5 PH-GTX1650-O4G,4 ГБ,GDDR5,,,128 бит,12,Нет,Нет,активное,1,190 мм,111 мм,,,896,,300 Вт,2 слота,,,,,1 485 МГц,2 000 МГц,,1 680 МГц (OC Mode - 1710 МГц),,
Видеокарта Palit GeForce GTX 1650 GP 4GB GDDR6 NE6165001BG1-1175A,4 ГБ,GDDR6,,,128 бит,12,Нет,6 pin,активное,2,170 мм,112 мм,,,896,,300 Вт,2 слота,,Нет,,,1 410 МГц,3 000 МГц,,1 590 МГц,,
Видеокарта Palit GeForce RTX 3080 GameRock OC 10GB GDDR6X NED3080H19IA-1020G,10 ГБ,GDDR6X,19 000 МГц,760 ГБ/с,320 бит,12,Нет,8+8+8 pin,активное,3,304 мм,136 мм,,,8 704,,850 Вт,2.7 слота,,,,,1 440 МГц,,,1 860 МГц,,
Видеокарта Palit GeForce GTX 1660 Super StormX OC 6GB GDDR6 NE6166SS18J9-161F,6 ГБ,GDDR6,,,192 бит,12,Нет,Да 8 pin,активное,1,168 мм,122 мм,,,1 408,,450 Вт,2 слота,,Нет,,,1 530 МГц,3 500 МГц,,1 830 МГц,,
Видеокарта Gigabyte GeForce GT 1030 OC 2GB [GV-N1030OC-2GI],2 Гб,GDDR5,,,64 бит,12,Нет,Нет,активное,1,167.7 мм,111.2 мм,,,,,,,,Нет,,,"1 265 МГц (Gaming Mode, OC Mode - 1290)",1 502 МГц,300 Вт,"1 518 МГц (Gaming Mode, OC Mode - 1544)",,
Видеокарта Gigabyte GeForce GTX 1650 OC Low Profile 4GB GDDR5 GV-N1650OC-4GL,4 ГБ,GDDR5,,,128 бит,12,Нет,Нет,активное,2,166.9 мм,69 мм,,,896,,300 Вт,2 слота,,Да,,,1 485 МГц,2 000 МГц,,1 695 МГц,,
Видеокарта Gigabyte GeForce GT 1030 Low Profile 2GB DDR4,2 Гб,DDR4,,,64 бит,12,Нет,Нет,активное,1,149.9 мм,68.9 мм,,,384,,,,,Да,,,"1 151 МГц (Gaming Mode, 1177 - OC Mode)",,,"1 379 МГц (Gaming Mode, 1417 - OC Mode)",,
Видеокарта Palit GeForce GTX 1660 Super GP 6GB GDDR6 NE6166S018J9-1160A-1,6 ГБ,GDDR6,14 000 МГц,336 ГБ/с,192 бит,12,Нет,8 pin,активное,2,235 мм,115 мм,1 530 МГц,1 785 МГц,1 408,,450 Вт,2 слота,,Нет,,,,,,,,
Видеокарта Gigabyte GeForce GT 1030 Low Profile 2GB [GV-N1030D5-2GL],2 Гб,GDDR5,,,64 бит,12,,,активное,1,149.9 мм,68.9 мм,,,,,,,,Да,,,1 227 МГц (Gaming mode),,300 Вт,1 506 МГц (в режиме GPU Boost),,
Видеокарта AFOX GeForce GT210 1GB DDR2 AF210-1024D2LG2-V7,1 ГБ,DDR2,,,64 бит,,Нет,,активное,1,,,,,,,,,,Да,,,589 МГц,,,,,
Видеокарта ASUS GeForce GT 1030 2GB GDDR5 [GT1030-SL-2G-BRK],2 Гб,GDDR5,,,64 бит,12,Нет,Нет,пассивное,,184 мм,111 мм,,,384,,,,,,,,"1 228 МГц (Gaming Mode, OC Mode - 1266)",1 502 МГц,,"1 468 МГц (Gaming Mode, OC Mode - 1506)",,
Видеокарта Palit GeForce GTX 1050 Ti StormX 4GB GDDR5 [NE5105T018G1-1070F],4 Гб,GDDR5,,,128 бит,12,Нет,,активное,1,168 мм,112 мм,,,768,,,2 слота,,Нет,,,1 290 МГц,1 750 МГц,300 Вт,1 392 МГц,,
Видеокарта Palit GeForce GTX 1660 Super StormX 6GB GDDR6 NE6166S018J9-161F,6 ГБ,GDDR6,,,192 бит,12,Нет,Да 8 pin,активное,1,168 мм,122 мм,,,1 408,,450 Вт,2 слота,,Нет,,,1 530 МГц,3 500 МГц,,1 785 МГц,,
Видеокарта Gigabyte GeForce GTX 1650 D6 WINDFORCE OC 4G 4GB GDDR6,4 ГБ,GDDR6,,,128 бит,12,Нет,6 pin,активное,2,192 мм,112 мм,,,896,,300 Вт,2 слота,,,,,1 410 МГц,3 000 МГц,,1 710 МГц,,
Видеокарта Palit GeForce RTX 3060 Dual OC 12GB GDDR6 NE63060T19K9-190AD,12 ГБ,GDDR6,15 000 МГц,360 ГБ/с,192 бит,12 Ultimate,Нет,8 pin,активное,2,245 мм,119 мм,1 320 МГц,1 837 МГц (OC Mode),3 584,,550 Вт,2 слота,,,,,,,,,,
Видеокарта Gigabyte GeForce GT 710 2GB GDDR5,2 Гб,GDDR5,,,64 бит,12,Нет,Нет,пассивное,,151 мм,69 мм,,,,,,2 слота,,Да,,,954 МГц,1 252 МГц,300 Вт,,,
Видеокарта Gigabyte GeForce GTX 1650 D6 OC 4G 4GB GDDR6,4 ГБ,GDDR6,,,128 бит,12,Нет,,активное,1,152 мм,114 мм,,,896,,300 Вт,2 слота,,,,,1 410 МГц,3 000 МГц,,1 635 МГц,,
Видеокарта Palit GeForce GT 1030 2GB DDR4,2 Гб,DDR4,,,64 бит,12,Нет,Нет,активное,1,135 мм,69 мм,,,384,,,1 слот,,,,,1 151 МГц,,300 Вт,1 379 МГц,,
Видеокарта ASUS Phoenix GeForce GT 1030 OC 2GB GDDR5 [PH-GT1030-O2G],2 Гб,GDDR5,,,64 бит,12,Нет,Нет,активное,1,184 мм,111 мм,,,384,,,,,,,,"1 252 МГц (Gaming Mode, OC Mode - 1278)",1 502 МГц,,"1 506 МГц (Gaming Mode, OC Mode - 1531)",,
Видеокарта ASUS GeForce GT 730 2GB GDDR5 [GT730-SL-2GD5-BRK],2 Гб,GDDR5,,,64 бит,,Нет,,пассивное,,165 мм,69 мм,,,384,,,,,Да,,,902 МГц,1 252 МГц,,,,
Видеокарта Gigabyte GeForce GT 710 2GB DDR3 [GV-N710D3-2GL],2 Гб,DDR3,,,64 бит,12,Нет,Нет,активное,1,144 мм,68 мм,,,192,,,,,Да,,,954 МГц,900 МГц,300 Вт,,,
Видеокарта Gigabyte GeForce RTX 2060 Super WindForce OC 8GB GDDR6 GV-N206SWF2OC-8GD,8 ГБ,GDDR6,,,256 бит,12,Нет,Да 8 pin,активное,2,265 мм,121 мм,,,2 176,,550 Вт,2 слота,,Нет,,,1 470 МГц,3 500 МГц,,1 680 МГц,,
Видеокарта ASUS GeForce GT 1030 2GB GDDR5,2 Гб,GDDR5,,,64 бит,12,Нет,Нет,активное,1,169 мм,69 мм,,,384,,,1 слот,,Да,,,"1 228 МГц (Gaming Mode, OC Mode - 1228)",1 502 МГц,,"1 468 МГц (Gaming Mode, OC Mode - 1506)",,
Видеокарта Inno3D GeForce GT 1030 0dB 2GB GDDR5 [N1030-1SDV-E5BL],2 Гб,GDDR5,,,64 бит,12,,,пассивное,,167 мм,55 мм,,,384,,,2 слота,,Да,,,1 227 МГц,1 500 МГц,300 Вт,1 468 МГц,,
Видеокарта NVIDIA RTX 6000 Ada Generation 48GB GDDR6 900-5G133-2550-000,48 ГБ,GDDR6,20 000 МГц,960 ГБ/с,384 бит,12 Ultimate,,16 pin (PCIe Gen5),воздушное,1,266.7 мм,111.8 мм,915 МГц,2 505 МГц,18 176,142,,2 слота,,Нет,поддержка DLSS,300 Вт,,,,,,
Видеокарта ASUS TUF Gaming GeForce RTX 4070 Ti Super BTF White OC Edition 16GB GDDR6X TUF-RTX4070TIS-O16G-BTF-WHITE,16 ГБ,GDDR6X,22 400 МГц,716.8 ГБ/с,256 бит,12 Ultimate,,16 pin (PCIe Gen5),воздушное,3,305 мм,138 мм,2 340 МГц,2 670 МГц,8 448,66,750 Вт,3.25 слота,65 мм,Нет,поддержка DLSS,,,,,,,
Видеокарта MSI GeForce RTX 4080 Super 16G Gaming Slim,16 ГБ,GDDR6X,22 400 МГц,716.8 ГБ/с,256 бит,12 Ultimate,,16 pin (PCIe Gen5),воздушное,3,322 мм,136 мм,2 295 МГц,2 565 МГц,10 240,80,850 Вт,3 слота,62 мм,Нет,поддержка DLSS,320 Вт,,,,,,
Видеокарта ASUS Dual GeForce RTX 4060 V2 OC Edition 8GB GDDR6 DUAL-RTX4060-O8G-V2,8 ГБ,GDDR6,17 000 МГц,272 ГБ/с,128 бит,12 Ultimate,,8 pin,воздушное,2,202.2 мм,120.3 мм,1 830 МГц,2 535 МГц,3 072,24,550 Вт,2 слота,40.1 мм,Нет,поддержка DLSS,,,,,,,
Видеокарта ASRock Dual Radeon RX 7600 XT OC Edition 16GB GDDR6 DUAL-RX7600XT-O16G,16 ГБ,GDDR6,18 000 МГц,288 ГБ/с,128 бит,12 Ultimate,,8 pin,воздушное,2,227.2 мм,123.24 мм,1 980 МГц,2 801 МГц,2 048,32,600 Вт,2.5 слота,49.6 мм,Нет,поддержка FSR,,,,,,,
Видеокарта ASUS Dual GeForce RTX 4060 Ti V2 OC Edition 8GB GDDR6 DUAL-RTX4060TI-O8G-V2,8 ГБ,GDDR6,18 000 МГц,288 ГБ/с,128 бит,12 Ultimate,,8 pin,воздушное,2,202 мм,120 мм,2 310 МГц,2 595 МГц,4 352,34,650 Вт,2 слота,40.1 мм,Нет,поддержка DLSS,,,,,,,
Видеокарта NVIDIA RTX A4000 16GB GDDR6 900-5G190-1700-000,16 ГБ,GDDR6,,448 ГБ/с,256 бит,12,,6 pin,воздушное,1,241 мм,,,,6 144,48,,1 слот,,,поддержка DLSS,,,,,,,
Видеокарта Inno3D RTX 4080 Super X3 OC N408S3-166XX-187049N,16 ГБ,GDDR6X,22 400 МГц,716.8 ГБ/с,256 бит,12 Ultimate,,16 pin (PCIe Gen5),воздушное,3,336 мм,145 мм,2 295 МГц,2 580 МГц,10 240,80,750 Вт,3 слота,60 мм,Нет,поддержка DLSS,320 Вт,,,,,,
Видеокарта AFOX GeForce GTX 1650 4GB GDDR6 AF1650-4096D6H1-V8,4 ГБ,GDDR6,12 000 МГц,128 ГБ/с,128 бит,12,,6 pin,воздушное,2,,,1 410 МГц,1 665 МГц,896,,300 Вт,2 слота,,Нет,поддержка FSR,,,,,,,
Видеокарта AFOX GeForce GTX 1050 Ti 4GB GDDR5 AF1050TI-4096D5H5-V4,4 ГБ,GDDR5,7 000 МГц,,128 бит,12,,Нет,воздушное,2,,,1 290 МГц,1 392 МГц,768,,300 Вт,2 слота,,Нет,поддержка FSR,,,,,,,
Видеокарта Gainward GeForce RTX 4060 Ti Ghost 8GB NE6406T019P1-1060B,16 ГБ,GDDR6,18 000 МГц,288 ГБ/с,128 бит,12 Ultimate,,8 pin,воздушное,2,249.9 мм,128.1 мм,2 310 МГц,2 535 МГц,4 352,34,650 Вт,2 слота,40.2 мм,Нет,поддержка DLSS,160 Вт,,,,,,
Видеокарта ZOTAC GeForce RTX 3050 Eco ZT-A30500K-10M,8 ГБ,GDDR6,14 000 МГц,224 ГБ/с,128 бит,12 Ultimate,,6 pin,воздушное,2,222.3 мм,116.8 мм,1 550 МГц,1 777 МГц,2 560,20,450 Вт,2 слота,41.4 мм,Нет,"поддержка DLSS, поддержка FSR",115 Вт,,,,,,
Видеокарта Gainward GeForce RTX 4060 Ti Pegasus 8GB NE6406T019P1-1060E,16 ГБ,GDDR6,18 000 МГц,288 ГБ/с,128 бит,12 Ultimate,,8 pin,воздушное,1,169.9 мм,124.1 мм,2 310 МГц,2 535 МГц,4 352,34,650 Вт,2 слота,38.8 мм,Нет,поддержка DLSS,160 Вт,,,,,,
Видеокарта ASUS Dual GeForce RTX 4070 Super Evo 12GB GDDR6X DUAL-RTX4070S-12G-EVO,12 ГБ,GDDR6X,21 000 МГц,504.2 ГБ/с,192 бит,12 Ultimate,,16 pin (PCIe Gen5),воздушное,2,227.2 мм,123.24 мм,1 980 МГц,2 505 МГц,7 168,56,750 Вт,2.5 слота,49.6 мм,Нет,поддержка DLSS,,,,,,,
Видеокарта ASUS Dual GeForce RTX 4060 Ti 16GB GDDR6 DUAL-RTX4060TI-16G,16 ГБ,GDDR6,18 000 МГц,288 ГБ/с,128 бит,12 Ultimate,,8 pin,воздушное,2,227.2 мм,123.24 мм,2 310 МГц,2 535 МГц,4 352,34,650 Вт,2.5 слота,49.6 мм,Нет,поддержка DLSS,,,,,,,
Видеокарта MSI GeForce RTX 4070 Super 12G Gaming X Slim White,12 ГБ,GDDR6X,21 000 МГц,504.2 ГБ/с,192 бит,12 Ultimate,,16 pin (PCIe Gen5),воздушное,3,307 мм,125 мм,1 980 МГц,2 655 МГц,7 168,56,650 Вт,2.1 слота,46 мм,Нет,поддержка DLSS,245 Вт,,,,,,
Видеокарта ZOTAC Gaming GeForce GTX 1650 AMP Core 4GB GDDR6 ZT-T16520J-10L,4 ГБ,GDDR6,12 000 МГц,128 ГБ/с,128 бит,12,Нет,6 pin,активное,2,162.4 мм,115.2 мм,,,896,,350 Вт,2 слота,,,,,1 485 МГц,,,1 725 МГц,,
Видеокарта ASRock Radeon RX 7900 GRE Challenger 16GB OC RX7900GRE CL 16GO,16 ГБ,GDDR6,18 000 МГц,576 ГБ/с,256 бит,12 Ultimate,,8+8 pin,воздушное,2,269 мм,130 мм,1 287 МГц,2 293 МГц,5 120,80,750 Вт,2.55 слота,51 мм,Нет,поддержка FSR,,,,,,,
Видеокарта Gainward GeForce RTX 3050 Pegasus 6GB NE63050018JE-1070E,6 ГБ,GDDR6,14 000 МГц,168 ГБ/с,96 бит,12 Ultimate,,Нет,воздушное,2,162 мм,117 мм,1 040 МГц,1 470 МГц,2 304,18,300 Вт,2 слота,40 мм,Нет,"поддержка DLSS, поддержка FSR",70 Вт,,,,,,
Видеокарта Leadtek Quadro P620 2GB GDDR5,2 ГБ,GDDR5,,,128 бит,12,Нет,Нет,активное,1,,,,,512,,,1 слот,,Да,,,,,,,40 Вт,
Видеокарта ASRock Radeon RX 7900 GRE Steel Legend 16GB OC RX7900GRE SL 16GO,16 ГБ,GDDR6,18 000 МГц,576 ГБ/с,256 бит,12 Ultimate,,8+8 pin,воздушное,3,304 мм,131 мм,1 287 МГц,2 333 МГц,5 120,80,800 Вт,2.8 слота,56 мм,Нет,поддержка FSR,,,,,,,
Видеокарта AFOX GeForce GTX 1650 4GB GDDR6 AF1650-4096D6H3-V4,4 ГБ,GDDR6,12 000 МГц,192 ГБ/с,128 бит,12,,,воздушное,2,,,1 410 МГц,1 590 МГц,896,,,2 слота,,,поддержка FSR,,,,,,,
Видеокарта MSI GeForce RTX 4060 Aero ITX 8G OC,8 ГБ,GDDR6,17 000 МГц,272 ГБ/с,128 бит,12 Ultimate,,8 pin,воздушное,1,167 мм,111 мм,1 830 МГц,2 505 МГц,3 072,24,550 Вт,2 слота,43 мм,Нет,поддержка DLSS,115 Вт,,,,,,
Видеокарта ASRock Radeon RX 6750 GRE Challenger 10GB OC RX6750GRE CL 10GO,10 ГБ,GDDR6,16 000 МГц,320 ГБ/с,160 бит,12 Ultimate,,8 pin,воздушное,2,269 мм,130 мм,1 941 МГц,2 495 МГц,2 304,36,650 Вт,2 слота,41 мм,Нет,поддержка FSR,170 Вт,,,,,,
Видеокарта NVIDIA RTX A4000 16GB GDDR6 699-5G190-0510-700R,16 ГБ,GDDR6,,448 ГБ/с,256 бит,12,Да (NVLink),6 pin,воздушное,1,241 мм,112 мм,,,6 144,48,,1 слот,,,"поддержка DLSS, поддержка FSR",,,,,,,
Видеокарта PowerColor Fighter Radeon RX 6700 10GB GDDR6 10GBD6-3DH/OC,10 ГБ,GDDR6,16 000 МГц,320 ГБ/с,160 бит,12 Ultimate,Нет,6+8 pin,воздушное,2,228 мм,109 мм,1 941 МГц,2 495 МГц (в режиме Boost),2 304,36,650 Вт,2 слота,32 мм,Нет,поддержка FSR,,,,,,,
Видеокарта ASUS Dual GeForce RTX 3050 OC Edition 6GB DUAL-RTX3050-O6G,6 ГБ,GDDR6,14 000 МГц,224 ГБ/с,96 бит,12 Ultimate,,8 pin,воздушное,2,201 мм,120 мм,1 507 МГц,1 537 МГц,2 304,20,450 Вт,2 слота,37 мм,Нет,"поддержка DLSS, поддержка FSR",,,,,,,
Видеокарта Gigabyte GeForce GTX 1650 D6 OC 4G 4GB GDDR6 GV-N1656OC-4GD (rev. 4.0),4 ГБ,GDDR6,12 000 МГц,192 ГБ/с,128 бит,12,,8 pin,воздушное,1,170 мм,121.3 мм,1 410 МГц,1 620 МГц,896,,300 Вт,2 слота,36.4 мм,Нет,поддержка FSR,,,,,,,
Видеокарта AFOX GeForce RTX 3050 8GB GDDR6 AF3050-8GD6H5,8 ГБ,GDDR6,14 000 МГц,224 ГБ/с,128 бит,12 Ultimate,,6 pin,воздушное,2,,,1 550 МГц,1 777 МГц,2 560,20,500 Вт,2 слота,,Нет,"поддержка DLSS, поддержка FSR",,,,,,,
Видеокарта PNY RTX 5000 Ada Generation 32GB GDDR6 VCNRTX5000ADA-PB,32 ГБ,GDDR6,18 000 МГц,576 ГБ/с,256 бит,12 Ultimate,,16 pin (PCIe Gen5),воздушное,1,266.7 мм,111.8 мм,1 155 МГц,2 550 МГц,12 800,100,,2 слота,,Нет,,250 Вт,,,,,,
Видеокарта Colorful iGame GeForce RTX 4080 16GB Advanced OC-V,16 ГБ,GDDR6X,22 400 МГц,717 ГБ/с,256 бит,12 Ultimate,Нет,16 pin,воздушное,3,343.8 мм,147.6 мм,2 210 МГц,2 625 МГц,9 728,76,850 Вт,,70.5 мм,Нет,поддержка DLSS,370 Вт,,,,,,
Видеокарта MSI GeForce GTX 1650 D6 VENTUS XS OCV3,4 ГБ,GDDR6,12 000 МГц,192 ГБ/с,128 бит,12,,6 pin,воздушное,2,179 мм,112 мм,1 410 МГц,1 620 МГц,896,,300 Вт,2 слота,42 мм,Нет,поддержка FSR,,,,,,,
Видеокарта MSI GeForce RTX 4070 Ti Ventus 3X E1 12G,12 ГБ,GDDR6X,21 000 МГц,504.2 ГБ/с,192 бит,12 Ultimate,,16 pin (PCIe Gen5),воздушное,3,308 мм,120 мм,2 310 МГц,2 625 МГц,7 680,60,700 Вт,2.6 слота,52 мм,Нет,поддержка DLSS,285 Вт,,,,,,
Видеокарта AFOX GeForce GT 1030 2GB GDDR5 AF1030-2048D5L5-V4,2 ГБ,GDDR5,6 000 МГц,,64 бит,12,,Нет,воздушное,1,170 мм,,1 227 МГц,,384,,300 Вт,1 слот,,Да,,,,,,,,
Видеокарта AFOX GeForce GT 610 2GB DDR3 AF610-2048D3L7-V6,2 ГБ,DDR3,1 000 МГц,14.4 ГБ/с,64 бит,12,Нет,Нет,активное,1,155 мм,,,,48,,300 Вт,1 слот,,,,,810 МГц,,,,,
Видеокарта Maxsun GeForce RTX­­ 4070 iCraft OC 12G,12 ГБ,GDDR6X,21 000 МГц,504.2 ГБ/с,192 бит,12 Ultimate,,8+8 pin,воздушное,3,317 мм,132 мм,1 920 МГц,2 535 МГц,5 888,46,650 Вт,3 слота,46 мм,Нет,поддержка DLSS,200 Вт,,,,,,
Видеокарта ZOTAC GeForce GT 710 2GB ZT-71310-10L,2 ГБ,DDR3,1 600 МГц,,64 бит,12,Нет,Нет,воздушное,1,157 мм,111.15 мм,954 МГц,,192,,300 Вт,1 слот,16 мм,Да,,19 Вт,,,,,,
Видеокарта NVIDIA Quadro T400 4GB GDDR6 699-5G172-0525-500,4 ГБ,GDDR6,,80 ГБ/с,64 бит,12,,Нет,воздушное,1,156 мм,68.9 мм,,,384,,,1 слот,20 мм,Да,,,,,,,,
Видеокарта PNY RTX 4000 Ada Generation 20GB GDDR6 VCNRTX4000ADA-PB,20 ГБ,GDDR6,14 000 МГц,360 ГБ/с,160 бит,12 Ultimate,,6 pin,воздушное,1,241.3 мм,111.8 мм,,,6 144,48,,1 слот,,,поддержка DLSS,130 Вт,,,,,,
Видеокарта Palit Nvidia CMP 30HX NE630HX017J9-1160X,6 ГБ,GDDR6,14 000 МГц,336 ГБ/с,192 бит,,,8 pin,воздушное,2,236 мм,,1 785 МГц,,,,450 Вт,2 слота,,Нет,,125 Вт,,,,,,
Видеокарта Sinotex Ninja Radeon R9 370 4GB GDDR5 AHR937045F,4 ГБ,GDDR5,5 400 МГц,,256 бит,12 Ultimate,,6 pin,воздушное,2,,,860 МГц,,1 024,,,2 слота,,,,,,,,,,
Видеокарта ASUS TUF Gaming GeForce RTX 4070 Ti Super 16GB GDDR6X White OC Edition TUF-RTX4070TIS-O16G-WHITE-GAMING,16 ГБ,GDDR6X,22 400 МГц,716.8 ГБ/с,256 бит,12 Ultimate,,16 pin (PCIe Gen5),воздушное,3,305 мм,138 мм,2 340 МГц,2 670 МГц,8 448,66,750 Вт,3.25 слота,65 мм,Нет,поддержка DLSS,,,,,,,
Видеокарта ASUS GeForce GT 730 2GB GDDR5 GT730-SL-2GD5-BRK-E,2 ГБ,GDDR5,5 010 МГц,,64 бит,11.2,Нет,Нет,пассивное,,167 мм,69 мм,,732 МГц,384,,300 Вт,1 слот,,Да,,,,,,,,
Видеокарта NVIDIA Tesla L4 24GB 900-2G193-0000-000,24 ГБ,GDDR6,,300.1 ГБ/с,192 бит,12 Ultimate,,16 pin (PCIe Gen5),пассивное,,169 мм,56 мм,795 МГц,2 040 МГц,7 680,60,250 Вт,1 слот,,Да,поддержка DLSS,72 Вт,,,,,,
Видеокарта NVIDIA Tesla T4 16GB GDDR6 900-2G183-6300-T00,16 ГБ,GDDR6,,320 ГБ/с,256 бит,12,,Нет,пассивное,,169.53 мм,68.9 мм,,1 590 МГц,2 560,,,,,Нет,,,,,,,,
Видеокарта Gigabyte Radeon RX 7900 GRE Gaming OC 16G GV-R79GREGAMING OC-16GD,16 ГБ,GDDR6,18 000 МГц,576 ГБ/с,256 бит,12 Ultimate,,8+8 pin,воздушное,3,302 мм,130 мм,1 287 МГц,2 391 МГц,5 120,80,700 Вт,3 слота,56 мм,Нет,поддержка FSR,265 Вт,,,,,,
Видеокарта Gigabyte Radeon RX 6400 D6 Low Profile GV-R64D6-4GL,4 ГБ,GDDR6,16 000 МГц,128 ГБ/с,64 бит,12 Ultimate,Нет,Нет,воздушное,2,182 мм,69 мм,1 923 МГц,2 321 МГц,768,12,350 Вт,2 слота,36 мм,Да,поддержка FSR,,,,,,,
Видеокарта ZOTAC GeForce RTX 4060 8GB Twin Edge OC ZT-D40600H-10M,8 ГБ,GDDR6,17 000 МГц,272 ГБ/с,128 бит,12 Ultimate,,8 pin,воздушное,2,221.4 мм,122.7 мм,1 830 МГц,2 475 МГц,3 072,24,500 Вт,2 слота,43.1 мм,Нет,поддержка DLSS,115 Вт,,,,,,
Inno3D GeForce RTX 3070 Ti X3 OC 8GB GDDR6X N307T3-086XX-1820VA45,8 ГБ,GDDR6X,19 000 МГц,912 ГБ/с,256 бит,12 Ultimate,Нет,8+8 pin,активное,3,300 мм,112 мм,1 580 МГц,1 785 МГц,6 144,,750 Вт,2 слота,,Нет,,,,,,,,
Видеокарта AFOX GeForce GT 1030 2GB GDDR5 AF1030-2048D5L5,2 ГБ,GDDR5,,,64 бит,12,Нет,Нет,активное,1,170 мм,,,,384,,300 Вт,1 слот,,Да,,,1 227 МГц,1 500 МГц,,1 468 МГц,,
Видеокарта PNY Nvidia T1000 4GB GDDR6 VCNT1000-PB,4 ГБ,GDDR6,,160 ГБ/с,128 бит,12,Нет,Нет,активное,1,,,,,896,,,1 слот,,Да,,,,,,,,
Видеокарта ASUS TUF Gaming Radeon RX 7800 XT OG OC Edition 16GB GDDR6 TUF-RX7800XT-O16G-OG-GAMING,16 ГБ,GDDR6,19 500 МГц,624.1 ГБ/с,256 бит,12 Ultimate,,8+8 pin,воздушное,3,320 мм,140.2 мм,1 295 МГц,2 565 МГц,3 840,60,750 Вт,2.9 слота,57.8 мм,Нет,поддержка FSR,,,,,,,
Видеокарта AFOX R7 350 2GB GDDR5 AFR7350-2048D5H4,2 ГБ,GDDR5,1 600 МГц,,128 бит,12,Нет,Нет,активное,1,185 мм,,800 МГц,,384,,400 Вт,2 слота,,Нет,,,,,,,,
Видеокарта Colorful GeForce GT 1030 2G V3-V,2 ГБ,GDDR5,6 000 МГц,,64 бит,12,Нет,Нет,активное,1,,,1 228 МГц,,384,,,1 слот,,,,,,,,,,
Видеокарта AFOX Radeon R5 220 2GB GDDR3 AFR5220-2048D3L5,2 ГБ,GDDR3,1 333 МГц,,64 бит,11.2,Нет,Нет,активное,1,145 мм,,650 МГц,,160,,400 Вт,1 слот,,Да,,,,,,,,
Видеокарта Gainward GeForce RTX 4080 Super Phoenix GS NED408ST19T2-1032X,16 ГБ,GDDR6X,22 400 МГц,716.8 ГБ/с,256 бит,12 Ultimate,,16 pin (PCIe Gen5),воздушное,3,328.9 мм,131.1 мм,2 210 МГц,2 610 МГц,10 240,80,850 Вт,3.1 слота,63.6 мм,Нет,поддержка DLSS,320 Вт,,,,,,
Видеокарта AFOX GeForce RTX 3050 AF3050-8GD6H2,8 ГБ,GDDR6,14 000 МГц,224 ГБ/с,128 бит,12 Ultimate,Нет,8 pin,воздушное,2,,,1 550 МГц,1 750 МГц,2 560,20,550 Вт,2 слота,,Нет,"поддержка DLSS, поддержка FSR",,,,,,,
Видеокарта Gainward GeForce RTX 4080 Super Phoenix NED408S019T2-1032X,16 ГБ,GDDR6X,22 400 МГц,716.8 ГБ/с,256 бит,12 Ultimate,,16 pin (PCIe Gen5),воздушное,3,328.9 мм,131.1 мм,2 210 МГц,2 550 МГц,10 240,80,850 Вт,3.1 слота,63.6 мм,Нет,поддержка DLSS,320 Вт,,,,,,
Видеокарта AFOX GeForce GT 610 1GB GDDR3 AF610-1024D3L7-V6,1 ГБ,GDDR3,,,64 бит,12,,Нет,воздушное,1,149 мм,,810 МГц,,48,,300 Вт,1 слот,,,,25 Вт,,,,,,
Видеокарта PNY Nvidia T400 4GB VCNT400-4GB-BLK,4 ГБ,GDDR6,,80 ГБ/с,64 бит,12,Нет,Нет,активное,1,,,,,384,,,1 слот,,Да,,,,,,,,
Видеокарта Palit GeForce RTX 4080 GamingPro OC NED4080T19T2-1032A,16 ГБ,GDDR6,22 400 МГц,716.8 ГБ/с,256 бит,12 Ultimate,Нет,16 pin,воздушное,3,328.9 мм,132.9 мм,2 210 МГц,2 610 МГц,9 728,76,850 Вт,3 слота,,Нет,поддержка DLSS,,,,,,,320 Вт
Видеокарта Gigabyte Radeon RX 6650 XT Eagle 8G GV-R665XTEAGLE-8GD,8 ГБ,GDDR6,17 500 МГц,280 ГБ/с,128 бит,12 Ultimate,Нет,8 pin,воздушное,3,282 мм,113 мм,2 055 МГц,2 635 МГц,2 048,,500 Вт,2 слота,,Нет,,,,,,,,
Видеокарта ZOTAC GeForce RTX 3060 Twin Edge OC 12GB GDDR6 ZT-A30600H-10M,12 ГБ,GDDR6,15 000 МГц,360 ГБ/с,192 бит,12 Ultimate,Нет,8 pin,активное,2,224.1 мм,116.3 мм,1 320 МГц,1 807 МГц (OC Mode),3 584,,600 Вт,2 слота,,,,,,,,,,
Видеокарта MSI GeForce RTX 3050 Aero ITX 8G V1,8 ГБ,GDDR6,14 000 МГц,224 ГБ/с,128 бит,12 Ultimate,Нет,6 pin,воздушное,1,168 мм,111 мм,1 550 МГц,1 777 МГц,2 560,20,500 Вт,2 слота,42 мм,Нет,"поддержка DLSS, поддержка FSR",115 Вт,,,,,,
Видеокарта Gainward GeForce RTX 4080 Super Panther OC NED408SS19T2-1032Z,16 ГБ,GDDR6X,22 400 МГц,716.8 ГБ/с,256 бит,12 Ultimate,,16 pin (PCIe Gen5),воздушное,3,328.9 мм,128 мм,2 210 МГц,2 580 МГц,10 240,80,850 Вт,3.1 слота,63.5 мм,Нет,поддержка DLSS,320 Вт,,,,,,
Видеокарта Gigabyte GeForce RTX 4070 Ti Super Master 16G GV-N407TSAORUS M-16GD,16 ГБ,GDDR6X,22 400 МГц,716.8 ГБ/с,256 бит,12 Ultimate,,16 pin (PCIe Gen5),воздушное,3,342 мм,153 мм,2 340 МГц,2 670 МГц,8 448,66,750 Вт,3.5 слота,70.6 мм,Нет,поддержка DLSS,,,,,,,
Видеокарта PNY Quadro P1000 4GB GDDR5 VCQP1000-BLS,4 ГБ,GDDR5,,,128 бит,12,Да,Нет,активное,1,144.78 мм,68.9 мм,,,640,,,1 слот,,Да,,,1 265 МГц,1 253 МГц,,1 359 МГц,,
Видеокарта MSI GeForce GT 1030 LP OC 2GB GDDR5 [GT 1030 2G LP OC],2 Гб,GDDR5,,,64 бит,12,Нет,,активное,1,159 мм,69 мм,,,384,,,,,Да,,,1 265 МГц,1 502 МГц,300 Вт,1 518 МГц,,
Видеокарта PNY RTX A2000 12GB VCNRTXA2000-12GB-PB,12 ГБ,GDDR6,,288 ГБ/с,192 бит,12,Нет,Нет,воздушное,1,168 мм,69 мм,,,3 328,,,2 слота,,Да,,,,,,,,
Видеокарта Inno3D GeForce RTX 4060 Ti 16GB Twin X2 N406T2-16D6-178055N,16 ГБ,GDDR6,18 000 МГц,288 ГБ/с,128 бит,12 Ultimate,,8 pin,воздушное,2,250 мм,118 мм,2 310 МГц,2 535 МГц,4 352,34,550 Вт,2 слота,42 мм,Нет,поддержка DLSS,,,,,,,
Видеокарта PNY Nvidia T1000 8GB GDDR6 VCNT1000-8GB-BLK,8 ГБ,GDDR6,,160 ГБ/с,128 бит,12,Нет,Нет,активное,1,,,,,896,,,1 слот,,Да,,,,,,,,
Видеокарта NVIDIA A30 24GB HBM2 900-21001-0040-000,24 ГБ,HBM2,,933 ГБ/с,3072 бит,12,,8 pin,пассивное,,267 мм,,,,3 804,,,2 слота,,Нет,,,,,,,,
Видеокарта NVIDIA Quadro T400 4GB GDDR6 900-5G172-2540-000,4 ГБ,GDDR6,,80 ГБ/с,64 бит,12,Нет,Нет,воздушное,1,,,,,384,,,1 слот,,Да,,,,,,,,
Видеокарта AFOX Radeon RX 550 2GB GDDR5 AFRX550-2048D5H4-V6,2 ГБ,GDDR5,7 000 МГц,112 ГБ/с,128 бит,12,,Нет,воздушное,2,,,1 090 МГц,1 183 МГц,512,,350 Вт,2 слота,,Нет,,,,,,,,
Видеокарта AFOX GeForce GT710 1GB DDR3 AF710-1024D3L5-V3,1 ГБ,DDR3,1 600 МГц,,64 бит,12,,Нет,воздушное,1,146 мм,,954 МГц,,192,,300 Вт,1 слот,,Да,,,,,,,,
Видеокарта MSI GeForce RTX 4060 Ti Gaming Slim 8G,8 ГБ,GDDR6,18 000 МГц,288 ГБ/с,128 бит,12 Ultimate,,8 pin,воздушное,3,307 мм,125 мм,2 310 МГц,2 550 МГц,4 352,34,550 Вт,2 слота,46 мм,Нет,поддержка DLSS,160 Вт,,,,,,
Видеокарта NVIDIA Quadro T1000 4GB GDDR6 900-5G172-2250-000,4 ГБ,GDDR6,,160 ГБ/с,128 бит,12,,Нет,воздушное,1,,,,,896,,,1 слот,,Да,,,,,,,,
Видеокарта PNY RTX A4000 16GB GDDR6 VCNRTXA4000-SB,16 ГБ,GDDR6,,448 ГБ/с,256 бит,12,Да (NVLink),6 pin,активное,1,,,,,6 144,,,1 слот,,,,,,,,,,
Видеокарта PNY Nvidia T1000 8GB GDDR6 VCNT1000-8GB-SB,8 ГБ,GDDR6,,160 ГБ/с,128 бит,12,Нет,Нет,активное,1,,,,,896,,,1 слот,,Да,,,,,,,,
Видеокарта NVIDIA A10 24GB GDDR6 900-2G133-0020-100,24 ГБ,GDDR6,,600 ГБ/с,384 бит,,Да,8 pin (CPU),пассивное,,267.7 мм,111.15 мм,,,8 192,,,1 слот,,Нет,,,,,,,,
Видеокарта AFOX GeForce GT 730 2GB DDR3 AF730-2048D3L3-V3,2 ГБ,DDR3,1 600 МГц,,64 бит,12,,Нет,пассивное,,,,902 МГц,,384,,300 Вт,2 слота,,Да,,,,,,,,
Видеокарта MSI GeForce GTX 1650 Ventus XS OCV1 4G GDDR5,4 ГБ,GDDR5,,,128 бит,12,Нет,Нет,активное,2,177 мм,111 мм,,,896,,300 Вт,2 слота,,Нет,,,1 485 МГц,2 000 МГц,,1 695 МГц,,
Видеокарта BIOSTAR Extreme Gaming GeForce GTX 1050 4GB GDDR5 VN1055XF41,4 ГБ,GDDR5,7 000 МГц,112 ГБ/с,128 бит,12,,Нет,воздушное,2,195 мм,127 мм,1 354 МГц,1 752 МГц,640,,250 Вт,2 слота,45 мм,Нет,поддержка FSR,,,,,,,
PNY Nvidia T400 4GB VCNT400-4GB-SB,4 ГБ,GDDR6,,80 ГБ/с,64 бит,12,Нет,Нет,активное,1,,,,,384,,,1 слот,,Да,,,,,,,,
Видеокарта Gigabyte Radeon RX 6500 XT Eagle 4G GV-R65XTEAGLE-4GD,4 ГБ,GDDR6,18 000 МГц,144 ГБ/с,64 бит,12 Ultimate,Нет,6 pin,активное,3,192 мм,117 мм,2 610 МГц,2 815 МГц,1 024,,400 Вт,2 слота,,Нет,,,,,,,,
Видеокарта AFOX GeForce GT710 2GB DDR3 AF710-2048D3L5,2 ГБ,DDR3,1 600 МГц,,64 бит,12,Нет,Нет,активное,1,146 мм,,954 МГц,,192,,300 Вт,1 слот,,Да,,,,,,,,
Видеокарта Colorful iGame GeForce RTX 4070 Vulcan OC-V,12 ГБ,GDDR6X,21 000 МГц,504.2 ГБ/с,192 бит,12 Ultimate,,16 pin (PCIe Gen5),воздушное,3,348.5 мм,159.5 мм,1 920 МГц,2 625 МГц,5 888,46,650 Вт,2.5 слота,60.5 мм,Нет,поддержка DLSS,215 Вт,,,,,,
Видеокарта PNY Nvidia T400 4GB VCNT400-4GB-PB,4 ГБ,GDDR6,,80 ГБ/с,64 бит,12,Нет,Нет,активное,1,,,,,384,,,1 слот,,Да,,,,,,,,
Видеокарта Gigabyte TUF Radeon RX 7700 XT Gaming OC Edition 12G GDDR6 TUF-RX7700XT-O12G-GAMING,12 ГБ,GDDR6,18 000 МГц,432 ГБ/с,192 бит,12 Ultimate,,8+8 pin,воздушное,3,319.8 мм,150.9 мм,1 700 МГц,2 599 МГц,3 456,54,750 Вт,2.9 слота,59.2 мм,Нет,поддержка FSR,,,,,,,
Видеокарта KFA2 GeForce GT 1030 2GB GDDR5 [30NPH4HVQ4SK],2 Гб,GDDR5,,,64 бит,,Да,Нет,активное,1,180 мм,121 мм,,,384,,,2 слота,,,,,1 227 МГц,,300 Вт,1 468 МГц,,
Видеокарта Gigabyte GeForce RTX 4080 16GB Eagle GV-N4080EAGLE-16GD,16 ГБ,GDDR6X,22 400 МГц,,256 бит,12 Ultimate,Нет,16 pin,воздушное,3,342 мм,150 мм,2 210 МГц,2 505 МГц,9 728,76,850 Вт,,70 мм,Нет,поддержка DLSS,,,,,,,
Видеокарта ASRock Radeon RX 6750 XT Challenger Pro 12GB OC RX6750XT CLP 12GO,12 ГБ,GDDR6,18 000 МГц,432 ГБ/с,192 бит,12 Ultimate,Нет,8+8 pin,воздушное,3,303 мм,131 мм,2 150 МГц,2 618 МГц,2 560,40,700 Вт,2.3 слота,45 мм,Нет,поддержка FSR,,,,,,,
Видеокарта Gigabyte GeForce RTX 4080 16GB Eagle GV-N4080EAGLE-16GD,16 ГБ,GDDR6X,22 400 МГц,,256 бит,12 Ultimate,Нет,16 pin,воздушное,3,342 мм,150 мм,2 210 МГц,2 505 МГц,9 728,76,850 Вт,,70 мм,Нет,поддержка DLSS,,,,,,,
Видеокарта ASRock Radeon RX 6750 XT Challenger Pro 12GB OC RX6750XT CLP 12GO,12 ГБ,GDDR6,18 000 МГц,432 ГБ/с,192 бит,12 Ultimate,Нет,8+8 pin,воздушное,3,303 мм,131 мм,2 150 МГц,2 618 МГц,2 560,40,700 Вт,2.3 слота,45 мм,Нет,поддержка FSR,,,,,,,
Видеокарта MSI GeForce GT 730 2GB DDR3 N730K-2GD3/LP,2 ГБ,DDR3,1 600 МГц,,64 бит,12,Нет,Нет,активное,1,146 мм,69 мм,1 006 МГц,,384,,300 Вт,1 слот,,Да,,,,,,,,
Видеокарта PowerColor Radeon RX 6500 XT ITX 4GB GDDR6 AXRX 6500 XT 4GBD6-DH,4 ГБ,GDDR6,18 000 МГц,144 ГБ/с,64 бит,12 Ultimate,Нет,6 pin,активное,1,165 мм,125 мм,2 610 МГц,,1 024,,400 Вт,2 слота,,Нет,,,,,,,,
Видеокарта MSI GeForce GT 1030 OC LP 2GB DDR4,2 Гб,DDR4,,,64 бит,12,Нет,Нет,активное,1,150 мм,69 мм,,,384,,,,,Да,,,1 189 МГц,,300 Вт,1 430 МГц,,
Видеокарта Sinotex Ninja Radeon R9 360 4GB GDDR5 AHR936045F,4 ГБ,GDDR5,6 500 МГц,104 ГБ/с,128 бит,12,,6 pin,воздушное,2,,,1 000 МГц,1 050 МГц,768,,,2 слота,,Нет,,,,,,,,
Видеокарта MSI GeForce RTX 4080 16GB Gaming X Slim,16 ГБ,GDDR6X,22 400 МГц,717 ГБ/с,256 бит,12 Ultimate,,16 pin (PCIe Gen5),воздушное,3,322 мм,136 мм,2 210 МГц,2 610 МГц,9 728,76,850 Вт,3 слота,62 мм,Нет,поддержка DLSS,320 Вт,,,,,,
Видеокарта Arktek GeForce GT 730 2GB DDR3 AKN730D3S2GL1,2 ГБ,DDR3,1 333 МГц,,128 бит,,Да,Нет,активное,1,,,,,384,,300 Вт,1 слот,,,,,700 МГц,,,,,
Видеокарта AFOX Radeon R7 350 2GB GDDR5 AFR7350-2048D5H4-V3,2 ГБ,GDDR5,1 600 МГц,,128 бит,12,Нет,Нет,воздушное,1,190 мм,,800 МГц,,384,,350 Вт,2 слота,,Нет (опция),,65 Вт,,,,,,
Видеокарта MSI GeForce RTX 4060 Ti Ventus 2X BLACK 8G,8 ГБ,GDDR6,18 000 МГц,288 ГБ/с,128 бит,12 Ultimate,,8 pin,воздушное,2,199 мм,120 мм,2 310 МГц,2 535 МГц,4 352,34,550 Вт,,42 мм,Нет,поддержка DLSS,160 Вт,,,,,,
Видеокарта Arktek GeForce RTX 3060 Miracle 12GB GDDR6 AKN3060D6S12GH1,12 ГБ,GDDR6,15 000 МГц,360 ГБ/с,192 бит,12 Ultimate,Нет,8 pin,воздушное,2,,,1 320 МГц,1 777 МГц,3 584,28,550 Вт,,,Нет,"поддержка DLSS, поддержка FSR",170 Вт,,,,,,
Видеокарта Inno3D GeForce RTX 4060 Ti 16GB Twin X2 OC White N406T2-16D6X-178055W,16 ГБ,GDDR6,18 000 МГц,288 ГБ/с,128 бит,12 Ultimate,,8 pin,воздушное,2,250 мм,118 мм,2 310 МГц,2 595 МГц,4 352,34,550 Вт,2 слота,42 мм,Нет,поддержка DLSS,,,,,,,
Видеокарта Acer Predator BiFrost Radeon RX 7600 OC 8GB DP.Z36WW.P02,8 ГБ,GDDR6,18 000 МГц,288 ГБ/с,128 бит,12 Ultimate,,8 pin,воздушное,2,328 мм,,1 720 МГц,2 700 МГц,2 048,32,550 Вт,2 слота,,Нет,поддержка FSR,180 Вт,,,,,,
Видеокарта Sapphire Pulse Radeon RX 7600 XT 16GB 11339-04-20G,16 ГБ,GDDR6,18 000 МГц,288 ГБ/с,128 бит,12 Ultimate,,8+8 pin,воздушное,2,250 мм,129.25 мм,1 980 МГц,2 810 МГц,2 048,32,600 Вт,2.2 слота,44.56 мм,Нет,поддержка FSR,200 Вт,,,,,,
Видеокарта Inno3D GeForce RTX 4070 Twin X2 OC White N40702-126XX-183052V,12 ГБ,GDDR6X,21 000 МГц,504.2 ГБ/с,192 бит,12 Ultimate,,8 pin,воздушное,2,250 мм,118 мм,1 920 МГц,2 505 МГц,5 888,46,600 Вт,2 слота,42 мм,Нет,поддержка DLSS,,,,,,,
Видеокарта Sinotex Ninja GeForce GT 210 512MB DDR3 NF21N5123F,512 Мб,DDR3,1 000 МГц,,64 бит,10.1,,Нет,воздушное,1,,,589 МГц,,16,,,1 слот,,Да,,,,,,,,
Видеокарта Sinotex Ninja GeForce GT 710 1GB DDR3 NF71NP013F,1 ГБ,DDR3,1 333 МГц,,64 бит,11.0,,Нет,воздушное,1,,,954 МГц,,192,,300 Вт,1 слот,,Да,,,,,,,,
Видеокарта AFOX GT 240 1GB DDR3 AF240-1024D3L2-V2,1 ГБ,DDR3,,,128 бит,10.1,,Нет,воздушное,1,,,550 МГц,,,,300 Вт,1 слот,,Нет,,,,,,,,
Видеокарта MSI GeForce RTX 4070 Ti Super 16G Gaming X Slim,16 ГБ,GDDR6X,22 400 МГц,716.8 ГБ/с,256 бит,12 Ultimate,,16 pin (PCIe Gen5),воздушное,3,307 мм,125 мм,2 340 МГц,2 670 МГц,8 448,66,700 Вт,2.5 слота,51 мм,Нет,поддержка DLSS,285 Вт,,,,,,
Видеокарта AFOX GeForce RTX 3060 12GB GDDR6 AF3060-12GD6H4,12 ГБ,GDDR6,15 000 МГц,360 ГБ/с,192 бит,12 Ultimate,,8 pin,воздушное,2,247 мм,,1 320 МГц,1 777 МГц,3 584,28,650 Вт,2 слота,,Нет,"поддержка DLSS, поддержка FSR",170 Вт,,,,,,
Видеокарта NVIDIA Quadro T400 4GB GDDR6 900-5G172-2240-000,4 ГБ,GDDR6,,80 ГБ/с,64 бит,12,,Нет,воздушное,1,156 мм,68.9 мм,,,384,,,1 слот,20 мм,Да,,,,,,,,
Видеокарта Inno3D GeForce RTX 4060 Ti 8GB Twin X2 OC White N406T2-08D6X-171153W,8 ГБ,GDDR6,18 000 МГц,288 ГБ/с,128 бит,12 Ultimate,,8 pin,воздушное,2,250 мм,118 мм,2 310 МГц,2 565 МГц,4 352,34,550 Вт,2 слота,42 мм,Нет,поддержка DLSS,,,,,,,
Видеокарта ASUS GeForce GT 730 2GB DDR3 EVO GT730-SL-2GD3-BRK-EVO,2 ГБ,DDR3,1 800 МГц,,64 бит,,,Нет,пассивное,,170 мм,69 мм,,927 МГц,384,,300 Вт,2 слота,39 мм,Да,,,,,,,,
Видеокарта NVIDIA Quadro T1000 8GB GDDR6 900-5G172-2570-000,8 ГБ,GDDR6,,160 ГБ/с,128 бит,12,Нет,Нет,воздушное,1,,,,,896,,,1 слот,,Да,,,,,,,,
Видеокарта NVIDIA Quadro T1000 8GB GDDR6 900-5G172-2270-000,8 ГБ,GDDR6,,160 ГБ/с,128 бит,12,Нет,Нет,воздушное,1,156 мм,,,,896,,250 Вт,1 слот,,Да,,,,,,,,
Видеокарта BIOSTAR Radeon RX 550 2GB GDDR5 VA5505RF21,2 ГБ,GDDR5,6 000 МГц,96 ГБ/с,128 бит,12,Нет,Нет,воздушное,1,,,1 019 МГц,1 183 МГц,512,,400 Вт,,,,,,,,,,,
Видеокарта AFOX GeForce GT210 1GB GDDR3 AF210-1024D3L5-V2,1 ГБ,GDDR3,,,64 бит,,Нет,,пассивное,,,,,,,,,,,Да,,,,,,,,
Видеокарта NVIDIA RTX A5000 24GB GDDR6 900-5G132-2200-000,24 ГБ,GDDR6,,768 ГБ/с,384 бит,12 Ultimate,,8 pin,воздушное,1,267 мм,,,,8 192,64,,2 слота,,,"поддержка DLSS, поддержка FSR",,,,,,,
Видеокарта PNY Nvidia T1000 4GB GDDR6 VCNT1000-SB,4 ГБ,GDDR6,,160 ГБ/с,128 бит,12,Нет,Нет,активное,1,,,,,896,,,1 слот,,Да,,,,,,,,
Видеокарта NVIDIA Quadro T400 2GB GDDR6 900-5G172-2200-000,2 ГБ,GDDR6,,80 ГБ/с,64 бит,12,Нет,Нет,воздушное,1,,,,,384,,,1 слот,,Да,,,,,,,,
Видеокарта ASUS GeForce GT 1030 2GB DDR4 GT1030-SL-2GD4-BRK,2 ГБ,DDR4,2 100 МГц,,64 бит,12,Нет,Нет,пассивное,,173 мм,69 мм,1 227 МГц,1 417 МГц,384,,300 Вт,2 слота,,Да,,,,,,,,
Видеокарта PNY GeForce RTX 4070 12GB Verto Dual Fan VCG407012DFXPB1,12 ГБ,GDDR6X,21 000 МГц,504.2 ГБ/с,192 бит,12 Ultimate,,8 pin,воздушное,2,247.41 мм,120.35 мм,1 920 МГц,2 475 МГц,5 888,46,650 Вт,2 слота,40.78 мм,Нет,поддержка DLSS,200 Вт,,,,,,
Видеокарта AFOX Radeon R5 220 1GB DDR3 AFR5220-1024D3L5,1 ГБ,GDDR3,1 333 МГц,166 ГБ/с,64 бит,11.2,Нет,Нет,активное,1,168 мм,,,,160,,350 Вт,1 слот,,Нет,,,650 МГц,,,,,
Видеокарта AFOX GeForce GT 730 4GB DDR3 AF730-4096D3L5,4 ГБ,GDDR3,,,64 бит,12,Нет,Нет,активное,1,145 мм,,,,384,,300 Вт,2 слота,,Да,,,700 МГц,667 МГц,,,,
Видеокарта Sinotex Ninja GeForce GT 210 1GB DDR3 NF21NP013F,1 ГБ,DDR3,1 000 МГц,,64 бит,10.1,,Нет,воздушное,1,160 мм,70 мм,589 МГц,,16,,,1 слот,20 мм,Да,,,,,,,,
Видеокарта Colorful iGame GeForce RTX 4070 Ti Vulcan OC-V,12 ГБ,GDDR6X,21 000 МГц,504.2 ГБ/с,192 бит,12 Ultimate,Нет,16 pin,воздушное,3,348.5 мм,159.5 мм,2 310 МГц,2 775 МГц,7 680,60,750 Вт,3 слота,60.6 мм,Нет,поддержка DLSS,310 Вт,,,,,,
Видеокарта MSI GeForce RTX 3050 LP 6G OC,6 ГБ,GDDR6,14 000 МГц,168 ГБ/с,96 бит,12 Ultimate,,Нет,воздушное,2,174 мм,69 мм,1 040 МГц,1 492 МГц,2 304,18,,2 слота,42 мм,Да,"поддержка DLSS, поддержка FSR",70 Вт,,,,,,
Видеокарта AFOX GeForce GT220 1GB GDDR3 AF220-1024D3L2,1 ГБ,GDDR3,,,128 бит,10.1,Нет,Нет,активное,1,145 мм,,,,48,,,1 слот,,Да,,,625 МГц,800 МГц,,,,
Видеокарта NVIDIA Tesla T4 16GB GDDDR6 900-2G183-0000-000,16 ГБ,GDDR6,,,256 бит,12,,Нет,пассивное,,169.53 мм,68.9 мм,,,2 560,,,,,Нет,,,,,,1 590 МГц,,
Видеокарта Gigabyte GeForce GT 730 2GB DDR3 GV-N730D3-2GI (rev. 3.0),2 ГБ,DDR3,,,64 бит,12,Нет,Нет,активное,1,177 мм,120 мм,,,384,,300 Вт,1 слот,,,,,902 МГц,900 МГц (1800 МГц DDR),,,,
Видеокарта MSI Radeon RX 7900 XTX Gaming Trio Classic 24G,24 ГБ,GDDR6,20 000 МГц,960 ГБ/с,384 бит,12 Ultimate,Да,8+8+8 pin,воздушное,3,325 мм,141 мм,1 855 МГц,2 500 МГц,6 144,96,800 Вт,3 слота,56 мм,Нет,поддержка FSR,355 Вт,,,,,,
Видеокарта ASUS Dual GeForce RTX 3050 8GB DUAL-RTX3050-8G,8 ГБ,GDDR6,14 000 МГц,224 ГБ/с,128 бит,12 Ultimate,Нет,8 pin,воздушное,2,200 мм,123 мм,1 550 МГц,1 852 МГц,2 560,20,550 Вт,2 слота,,Нет,"DLSS, FSR",,,,,,,
Видеокарта MSI GeForce RTX 4080 Super 16G Ventus 3X OC,16 ГБ,GDDR6X,22 400 МГц,716.8 ГБ/с,256 бит,12 Ultimate,,16 pin (PCIe Gen5),воздушное,3,322 мм,136 мм,2 295 МГц,2 595 МГц,10 240,80,850 Вт,3 слота,62 мм,Нет,поддержка DLSS,320 Вт,,,,,,
Видеокарта AFOX Radeon RX 550 8GB GDDR5 AFRX550-8192D5H4-V6,8 ГБ,GDDR5,6 000 МГц,112 ГБ/с,128 бит,12,,Нет,воздушное,2,,,1 090 МГц,1 183 МГц,512,,300 Вт,2 слота,,Нет,поддержка FSR,,,,,,,
Видеокарта MSI GeForce RTX 4060 Ti Ventus 3X 16G OC,16 ГБ,GDDR6,18 000 МГц,288 ГБ/с,128 бит,12 Ultimate,,8 pin,воздушное,3,308 мм,120 мм,2 310 МГц,2 625 МГц,4 352,34,550 Вт,2 слота,42 мм,Нет,поддержка DLSS,165 Вт,,,,,,
Видеокарта Gigabyte GeForce GTX 1650 D6 WINDFORCE OC 4G (rev. 3.0),4 ГБ,GDDR6,12 000 МГц,192 ГБ/с,128 бит,12,,8 pin,воздушное,2,224.5 мм,121.2 мм,1 410 МГц,1 620 МГц,896,,300 Вт,2 слота,36.4 мм,Нет,поддержка FSR,,,,,,,
Видеокарта Inno3D GeForce RTX 4060 Ti 8GB Twin X2 N406T2-08D6-171153N,8 ГБ,GDDR6,18 000 МГц,288 ГБ/с,128 бит,12 Ultimate,,8 pin,воздушное,2,250 мм,118 мм,2 310 МГц,2 535 МГц,4 352,34,550 Вт,2 слота,42 мм,Нет,поддержка DLSS,,,,,,,
Видеокарта Gigabyte Radeon RX 7900 XTX 24G Elite GV-R79XTXAORUS E-24GD,24 ГБ,GDDR6,20 000 МГц,960 ГБ/с,384 бит,12 Ultimate,Да,8+8+8 pin,воздушное,3,335 мм,137 мм,1 855 МГц,2 680 МГц,6 144,96,850 Вт,3.1 слота,69 мм,Нет,поддержка FSR,,,,,,,
Видеокарта NVIDIA RTX A2000 12GB GDDR6 900-5G192-2551-000,12 ГБ,GDDR6,,288 ГБ/с,192 бит,12,,Нет,воздушное,1,170 мм,,,,3 328,26,,2 слота,,Да,поддержка DLSS,,,,,,,
Видеокарта PowerColor Fighter AMD Radeon RX 7800 XT 16GB GDDR6 RX 7800 XT 16G-F/OC,16 ГБ,GDDR6,19 500 МГц,624.1 ГБ/с,256 бит,12 Ultimate,,8+8 pin,воздушное,3,303 мм,128 мм,1 295 МГц,2 475 МГц,3 840,60,750 Вт,2.3 слота,50 мм,Нет,поддержка FSR,,,,,,,
